<?xml version="1.0" encoding="utf-8" ?>
<!--
Copyright (c) 2015-2017, 2019 The Linux Foundation. All rights reserved.

Not a Contribution.

Copyright 2015 The Android Open Source Project

Licensed under the Apache License, Version 2.0 (the "License");
you may not use this file except in compliance with the License.
u may obtain a copy of the License at

     http://www.apache.org/licenses/LICENSE-2.0

Unless required by applicable law or agreed to in writing, software
distributed under the License is distributed on an "AS IS" BASIS,
WITHOUT WARRANTIES OR CONDITIONS OF ANY KIND, either express or implied.
See the License for the specific language governing permissions and
limitations under the License.
-->

<MediaCodecs>
    <Encoders>
        <MediaCodec name="OMX.qcom.video.encoder.avc" type="video/avc" update="true">
            <Limit name="measured-frame-rate-320x240" range="650-655" />
            <Limit name="measured-frame-rate-720x480" range="280-289" />
            <Limit name="measured-frame-rate-1280x720" range="110-115" />
            <Limit name="measured-frame-rate-1920x1080" range="91-95" />
        </MediaCodec>
        <MediaCodec name="OMX.qcom.video.encoder.hevc" type="video/hevc" update="true">
            <Limit name="measured-frame-rate-320x240" range="580-590" />
            <Limit name="measured-frame-rate-720x480" range="270-300" />
            <Limit name="measured-frame-rate-1280x720" range="110-119" />
            <Limit name="measured-frame-rate-1920x1080" range="16-45" />
            <Limit name="measured-frame-rate-3840x2160" range="20-28" />
        </MediaCodec>
        <MediaCodec name="OMX.qcom.video.encoder.h263sw" type="video/3gpp" update="true">
            <Limit name="measured-frame-rate-176x144" range="270-280" />
            <Limit name="measured-frame-rate-352x288" range="59-84" />
        </MediaCodec>
        <MediaCodec name="OMX.qcom.video.encoder.mpeg4sw" type="video/mp4v-es" update="true">
            <Limit name="measured-frame-rate-176x144" range="80-102" />
            <Limit name="measured-frame-rate-352x288" range="55-79" />
            <Limit name="measured-frame-rate-640x480" range="39-58" />
        </MediaCodec>
        <MediaCodec name="OMX.qcom.video.encoder.vp8" type="video/x-vnd.on2.vp8" update="true">
            <Limit name="measured-frame-rate-320x180" range="266-266" />
            <Limit name="measured-frame-rate-640x360" range="440-450" />
            <Limit name="measured-frame-rate-1280x720" range="130-135" />
            <Limit name="measured-frame-rate-1920x1080" range="16-40" />
        </MediaCodec>
        <MediaCodec name="OMX.google.h264.encoder" type="video/avc" update="true">
            <Limit name="measured-frame-rate-320x240" range="215-215" />
            <Limit name="measured-frame-rate-720x480" range="100-100" />
            <Limit name="measured-frame-rate-1280x720" range="56-56" />
            <Limit name="measured-frame-rate-1920x1080" range="30-30" />
        </MediaCodec>
        <MediaCodec name="OMX.google.h263.encoder" type="video/3gpp" update="true">
            <Limit name="measured-frame-rate-176x144" range="200-200" />
        </MediaCodec>
        <MediaCodec name="OMX.google.mpeg4.encoder" type="video/mp4v-es" update="true">
            <Limit name="measured-frame-rate-176x144" range="180-180" />
        </MediaCodec>
        <MediaCodec name="OMX.google.vp8.encoder" type="video/x-vnd.on2.vp8" update="true">
            <Limit name="measured-frame-rate-320x180" range="39-39" />
            <Limit name="measured-frame-rate-640x360" range="32-32" />
            <Limit name="measured-frame-rate-1280x720" range="17-24" />
            <Limit name="measured-frame-rate-1920x1080" range="8-12" />
        </MediaCodec>
        <MediaCodec name="c2.android.avc.encoder" type="video/avc" update="true">
            <Limit name="measured-frame-rate-320x240" range="196-266" />
            <Limit name="measured-frame-rate-720x480" range="64-92" />
            <Limit name="measured-frame-rate-1280x720" range="38-60" />
            <Limit name="measured-frame-rate-1920x1080" range="23-33" />
        </MediaCodec>
        <MediaCodec name="c2.android.hevc.encoder" type="video/hevc" update="true">
            <Limit name="measured-frame-rate-320x240" range="22-36" />
        </MediaCodec>
        <MediaCodec name="c2.android.h263.encoder" type="video/3gpp" update="true">
            <Limit name="measured-frame-rate-176x144" range="215-333" />
        </MediaCodec>
        <MediaCodec name="c2.android.mpeg4.encoder" type="video/mp4v-es" update="true">
            <Limit name="measured-frame-rate-176x144" range="222-311" />
        </MediaCodec>
        <MediaCodec name="c2.android.vp8.encoder" type="video/x-vnd.on2.vp8" update="true">
            <Limit name="measured-frame-rate-320x180" range="120-187" />
            <Limit name="measured-frame-rate-640x360" range="87-123" />
            <Limit name="measured-frame-rate-1280x720" range="21-31" />
            <Limit name="measured-frame-rate-1920x1080" range="19-28" />
        </MediaCodec>
    </Encoders>
    <Decoders>
        <MediaCodec name="OMX.qcom.video.decoder.avc" type="video/avc" update="true">
            <Limit name="measured-frame-rate-320x240" range="305-494" />
            <Limit name="measured-frame-rate-720x480" range="310-488" />
            <Limit name="measured-frame-rate-1280x720" range="177-275" />
            <Limit name="measured-frame-rate-1920x1088" range="93-146" />
        </MediaCodec>
            <MediaCodec name="OMX.qcom.video.decoder.hevc" type="video/hevc" update="true">
            <Limit name="measured-frame-rate-352x288" range="366-401" />
            <Limit name="measured-frame-rate-720x480" range="268-360" />
            <Limit name="measured-frame-rate-1280x720" range="191-268" />
            <Limit name="measured-frame-rate-1920x1080" range="94-147" />
            <Limit name="measured-frame-rate-3840x2160" range="29-41" />
        </MediaCodec>
        <MediaCodec name="OMX.qti.video.decoder.h263sw" type="video/3gpp" update="true">
            <Limit name="measured-frame-rate-176x144" range="356-356" />
            <Limit name="measured-frame-rate-352x288" range="292-292" />
        </MediaCodec>
        <MediaCodec name="OMX.qti.video.decoder.mpeg4sw" type="video/mp4v-es" update="true">
            <Limit name="measured-frame-rate-176x144" range="203-431" />
            <Limit name="measured-frame-rate-480x360" range="190-450" />
	    <Limit name="measured-frame-rate-1280x720" range="160-217" />
        </MediaCodec>
        <MediaCodec name="OMX.qcom.video.decoder.vp8" type="video/x-vnd.on2.vp8" update="true">
            <Limit name="measured-frame-rate-320x240" range="337-337" />
            <Limit name="measured-frame-rate-640x360" range="337-337" />
            <Limit name="measured-frame-rate-1280x720" range="337-337" />
            <Limit name="measured-frame-rate-1920x1080" range="248-248" />
        </MediaCodec>
        <MediaCodec name="OMX.qcom.video.decoder.vp9" type="video/x-vnd.on2.vp9" update="true">
            <Limit name="measured-frame-rate-320x240" range="377-377" />
            <Limit name="measured-frame-rate-640x360" range="323-323" />
            <Limit name="measured-frame-rate-1280x720" range="262-262" />
            <Limit name="measured-frame-rate-1920x1080" range="102-204" />
            <Limit name="measured-frame-rate-3840x2160" range="23-51" />
        </MediaCodec>
        <MediaCodec name="OMX.google.h264.decoder" type="video/avc" update="true">
            <Limit name="measured-frame-rate-320x240" range="122-122" />
            <Limit name="measured-frame-rate-720x480" range="68-68" />
            <Limit name="measured-frame-rate-1280x720" range="32-32" />
            <Limit name="measured-frame-rate-1920x1080" range="6-10" />
        </MediaCodec>
        <MediaCodec name="OMX.google.h263.decoder" type="video/3gpp" update="true">
            <Limit name="measured-frame-rate-176x144" range="104-279" />
            <Limit name="measured-frame-rate-352x288" range="200-200" />
        </MediaCodec>
        <MediaCodec name="OMX.google.hevc.decoder" type="video/hevc" update="true">
            <Limit name="measured-frame-rate-352x288" range="170-170" />
            <Limit name="measured-frame-rate-640x360" range="89-89" />
            <Limit name="measured-frame-rate-720x480" range="73-73" />
            <Limit name="measured-frame-rate-1280x720" range="32-32" />
            <Limit name="measured-frame-rate-1920x1080" range="21-21" />
        </MediaCodec>
        <MediaCodec name="OMX.google.mpeg4.decoder" update="true">
            <Type name="video/mp4v-es">
                <Limit name="measured-frame-rate-176x144" range="430-450" />
            </Type>
        </MediaCodec>
        <MediaCodec name="OMX.google.vp8.decoder" type="video/x-vnd.on2.vp8" update="true">
            <Limit name="measured-frame-rate-320x240" range="330-381" />
            <Limit name="measured-frame-rate-640x360" range="139-185" />
            <Limit name="measured-frame-rate-1280x720" range="22-38" />
            <Limit name="measured-frame-rate-1920x1080" range="9-18" />
        </MediaCodec>
        <MediaCodec name="OMX.google.vp9.decoder" type="video/x-vnd.on2.vp9" update="true">
            <Limit name="measured-frame-rate-320x240" range="200-230" />
            <Limit name="measured-frame-rate-640x360" range="81-90" />
            <Limit name="measured-frame-rate-1280x720" range="32-40" />
            <Limit name="measured-frame-rate-1920x1080" range="19-23" />
        </MediaCodec>
        <MediaCodec name="c2.android.avc.decoder" type="video/avc" update="true">
            <Limit name="measured-frame-rate-320x240" range="143-204" />
            <Limit name="measured-frame-rate-720x480" range="48-76" />
            <Limit name="measured-frame-rate-1280x720" range="20-29" />
            <Limit name="measured-frame-rate-1920x1080" range="10-15" />
        </MediaCodec>
        <MediaCodec name="c2.android.hevc.decoder" type="video/hevc" update="true">
            <Limit name="measured-frame-rate-352x288" range="120-290" />
            <Limit name="measured-frame-rate-640x360" range="66-161" />
            <Limit name="measured-frame-rate-720x480" range="99-142" />
            <Limit name="measured-frame-rate-1280x720" range="51-73" />
            <Limit name="measured-frame-rate-1920x1080" range="26-38" />
        </MediaCodec>
        <MediaCodec name="c2.android.h263.decoder" type="video/3gpp" update="true">
            <Limit name="measured-frame-rate-176x144" range="333-920" />
            <Limit name="measured-frame-rate-352x288" range="438-584" />
        </MediaCodec>
        <MediaCodec name="c2.android.mpeg4.decoder" type="video/mp4v-es" update="true">
            <Limit name="measured-frame-rate-176x144" range="554-876" />
        </MediaCodec>
        <MediaCodec name="c2.android.vp8.decoder" type="video/x-vnd.on2.vp8" update="true">
            <Limit name="measured-frame-rate-320x180" range="514-727" />
            <Limit name="measured-frame-rate-640x360" range="143-222" />
            <Limit name="measured-frame-rate-1920x1080" range="22-31" />
        </MediaCodec>
        <MediaCodec name="c2.android.vp9.decoder" type="video/x-vnd.on2.vp9" update="true">
            <Limit name="measured-frame-rate-320x180" range="432-576" />
            <Limit name="measured-frame-rate-640x360" range="126-179" />
            <Limit name="measured-frame-rate-1280x720" range="39-75" />
            <Limit name="measured-frame-rate-1920x1080" range="25-36" />
        </MediaCodec>
    </Decoders>
</MediaCodecs>
