{
  "Nodes": [
    {
      "Name": "CPULittleClusterMaxFreq",
      "Path": "/sys/devices/system/cpu/cpu0/cpufreq/scaling_max_freq",
      "Values": [
        "9999999",
        "1248000"
      ],
      "DefaultIndex": 0,
      "ResetOnInit": true
    },
    {
      "Name": "CPULittleClusterMinFreq",
      "Path": "/sys/devices/system/cpu/cpu0/cpufreq/scaling_min_freq",
      "Values": [
        "9999999",
	"1708800",
        "1248000",
        "576000"
      ],
      "ResetOnInit": true
    },
    {
      "Name": "CPUBigClusterMaxFreq",
      "Path": "/sys/devices/system/cpu/cpu6/cpufreq/scaling_max_freq",
      "Values": [
        "9999999",
        "1804800",
        "1555200"
      ],
      "DefaultIndex": 0,
      "ResetOnInit": true
    },
    {
      "Name": "CPUBigClusterMinFreq",
      "Path": "/sys/devices/system/cpu/cpu6/cpufreq/scaling_min_freq",
      "Values": [
        "9999999",
	"1900800",
	"825600",
        "652800"
      ],
      "ResetOnInit": true
    },
    {
      "Name": "GPUMaxFreq",
      "Path": "/sys/class/kgsl/kgsl-3d0/max_pwrlevel",
      "Values": [
        "0",
        "3"
      ],
      "DefaultIndex": 0,
      "ResetOnInit": true
    },
    {
      "Name": "GPUMinFreq",
      "Path": "/sys/class/kgsl/kgsl-3d0/min_pwrlevel",
      "Values": [
        "0",
        "7"
      ],
      "ResetOnInit": true
    },
    {
      "Name": "GPUForceRailOn",
      "Path": "/sys/class/kgsl/kgsl-3d0/force_rail_on",
      "Values": [
        "1",
        "0"
      ],
      "ResetOnInit": true
    },
    {
      "Name": "GPUForceClkOn",
      "Path": "/sys/class/kgsl/kgsl-3d0/force_clk_on",
      "Values": [
        "1",
        "0"
      ],
      "ResetOnInit": true
    },
    {
      "Name": "GPUIdleTimer",
      "Path": "/sys/class/kgsl/kgsl-3d0/idle_timer",
      "Values": [
        "10000",
        "58"
      ],
      "ResetOnInit": true
    },
    {
      "Name": "TASchedtuneHighCap",
      "Path": "/dev/stune/top-app/schedtune.prefer_high_cap",
      "Values": [
        "1",
        "0"
      ],
      "ResetOnInit": true
    },
    {
      "Name": "CPUBWHystTriggerCount",
      "Path": "/sys/class/devfreq/soc:qcom,cpu-cpu-llcc-bw/bw_hwmon/hyst_trigger_count",
      "Values": [
        "0",
        "3"
      ],
      "ResetOnInit": true
    },
    {
      "Name": "CPUBWHistMemory",
      "Path": "/sys/class/devfreq/soc:qcom,cpu-cpu-llcc-bw/bw_hwmon/hist_memory",
      "Values": [
        "0",
        "20"
      ],
      "ResetOnInit": true
    },
    {
      "Name": "CPUBWHystLength",
      "Path": "/sys/class/devfreq/soc:qcom,cpu-cpu-llcc-bw/bw_hwmon/hyst_length",
      "Values": [
        "0",
        "10"
      ],
      "ResetOnInit": true
    },
    {
      "Name": "CPUBWMinFreq",
      "Path": "/sys/class/devfreq/soc:qcom,cpu-cpu-llcc-bw/min_freq",
      "Values": [
        "14236",
        "9155",
        "4577"
      ],
      "ResetOnInit": true
    },
    {
      "Name": "LLCCBWMinFreq",
      "Path": "/sys/class/devfreq/soc:qcom,cpu-llcc-ddr-bw/min_freq",
      "Values": [
        "6881",
        "2929",
        "1144"
      ],
      "ResetOnInit": true
    },
    {
      "Name": "L3LittleClusterMinFreq",
      "Path": "/sys/class/devfreq/soc:qcom,cpu0-cpu-l3-lat/min_freq",
      "Values": [
        "1459200000",
        "300000000"
      ],
      "ResetOnInit": true
    },
        {
      "Name": "FgSchedtunePreferIdle",
      "Path": "/dev/stune/foreground/schedtune.prefer_idle",
      "Values": [
        "1",
        "0"
      ],
      "DefaultIndex": 0,
      "ResetOnInit": true
    },
    {
      "Name": "L3BigClusterMinFreq",
      "Path": "/sys/class/devfreq/soc:qcom,cpu6-cpu-l3-lat/min_freq",
      "Values": [
        "1459200000",
        "300000000"
      ],
      "ResetOnInit": true
    },
        {
      "Name": "TASchedtunePreferIdle",
      "Path": "/dev/stune/top-app/schedtune.prefer_idle",
      "Values": [
        "1",
        "0"
      ],
      "DefaultIndex": 0,
      "ResetOnInit": true
    },
    {
      "Name": "UfsClkGateEnable",
      "Path": "/sys/devices/platform/soc/1d84000.ufshc/clkgate_enable",
      "Values": [
        "0",
        "1"
      ],
      "ResetOnInit": true
    },
    {
      "Name": "ForegroundCpuset",
      "Path": "/dev/cpuset/foreground/cpus",
      "Values": [
        "0-5",
        "0-5,7"
      ],
      "ResetOnInit": true
    },
    {
      "Name": "PowerHALMainState",
      "Path": "vendor.powerhal.state",
      "Values": [
        "SUSTAINED_PERFORMANCE",
        ""
      ],
      "Type": "Property"
    },
    {
      "Name": "PowerHALAudioState",
      "Path": "vendor.powerhal.audio",
      "Values": [
        "AUDIO_STREAMING_LOW_LATENCY",
        ""
      ],
      "Type": "Property"
    },
    {
      "Name": "PowerHALRenderingState",
      "Path": "vendor.powerhal.rendering",
      "Values": [
        "EXPENSIVE_RENDERING",
        ""
      ],
      "Type": "Property"
    }
  ],
  "Actions": [
    {
      "PowerHint": "SUSTAINED_PERFORMANCE",
      "Node": "PowerHALMainState",
      "Duration": 0,
      "Value": "SUSTAINED_PERFORMANCE"
    },
    {
      "PowerHint": "SUSTAINED_PERFORMANCE",
      "Node": "CPUBigClusterMaxFreq",
      "Duration": 0,
      "Value": "1555200"
    },
    {
      "PowerHint": "SUSTAINED_PERFORMANCE",
      "Node": "CPULittleClusterMaxFreq",
      "Duration": 0,
      "Value": "1248000"
    },
    {
      "PowerHint": "SUSTAINED_PERFORMANCE",
      "Node": "GPUMaxFreq",
      "Duration": 0,
      "Value": "3"
    },
    {
      "PowerHint": "INTERACTION",
      "Node": "UfsClkGateEnable",
      "Duration": 200,
      "Value": "0"
    },
    {
      "PowerHint": "INTERACTION",
      "Node": "CPUBigClusterMinFreq",
      "Duration": 0,
      "Value": "825600"
    },
    {
      "PowerHint": "INTERACTION",
      "Node": "CPULittleClusterMinFreq",
      "Duration": 1000,
      "Value": "1248000"
    },
    {
      "PowerHint": "INTERACTION",
      "Node": "TASchedtuneHighCap",
      "Duration": 0,
      "Value": "1"
    },
    {
      "PowerHint": "INTERACTION",
      "Node": "TASchedtuneBoost",
      "Duration": 1000,
      "Value": "40"
    },
    {
      "PowerHint": "INTERACTION",
      "Node": "CPUBWHystTriggerCount",
      "Duration": 0,
      "Value": "0"
    },
    {
      "PowerHint": "INTERACTION",
      "Node": "CPUBWHystLength",
      "Duration": 0,
      "Value": "0"
    },
    {
      "PowerHint": "INTERACTION",
      "Node": "CPUBWHistMemory",
      "Duration": 0,
      "Value": "0"
    },
    {
      "PowerHint": "INTERACTION",
      "Node": "CPUBWMinFreq",
      "Duration": 1000,
      "Value": "9155"
    },
    {
      "PowerHint": "INTERACTION",
      "Node": "LLCCBWMinFreq",
      "Duration": 1000,
      "Value": "2597"
    },
    {
      "PowerHint": "LAUNCH",
      "Node": "UfsClkGateEnable",
      "Duration": 3000,
      "Value": "0"
    },
    {
      "PowerHint": "LAUNCH",
      "Node": "CPUBigClusterMaxFreq",
      "Duration": 3000,
      "Value": "9999999"
    },
    {
      "PowerHint": "LAUNCH",
      "Node": "CPUBigClusterMinFreq",
      "Duration": 3000,
      "Value": "1900800"
    },
    {
      "PowerHint": "LAUNCH",
      "Node": "CPULittleClusterMinFreq",
      "Duration": 3000,
      "Value": "1708800"
    },
    {
      "PowerHint": "LAUNCH",
      "Node": "CPUBWHystTriggerCount",
      "Duration": 3000,
      "Value": "0"
    },
    {
      "PowerHint": "LAUNCH",
      "Node": "CPUBWHystLength",
      "Duration": 3000,
      "Value": "0"
    },
    {
      "PowerHint": "LAUNCH",
      "Node": "CPUBWHistMemory",
      "Duration": 3000,
      "Value": "0"
    },
    {
      "PowerHint": "LAUNCH",
      "Node": "CPUBWMinFreq",
      "Duration": 3000,
      "Value": "14236"
    },
    {
      "PowerHint": "LAUNCH",
      "Node": "GPUForceClkOn",
      "Duration": 3000,
      "Value": "1"
    },
    {
      "PowerHint": "LAUNCH",
      "Node": "GPUForceRailOn",
      "Duration": 3000,
      "Value": "1"
    },
    {
      "PowerHint": "LAUNCH",
      "Node": "GPUIdleTimer",
      "Duration": 3000,
      "Value": "10000"
    },
    {
      "PowerHint": "LAUNCH",
      "Node": "LLCCBWMinFreq",
      "Duration": 3000,
      "Value": "6881"
    },
    {
      "PowerHint": "LAUNCH",
      "Node": "L3LittleClusterMinFreq",
      "Duration": 3000,
      "Value": "1459200000"
    },
    {
      "PowerHint": "LAUNCH",
      "Node": "L3BigClusterMinFreq",
      "Duration": 3000,
      "Value": "1459200000"
    },
    {
      "PowerHint": "LAUNCH",
      "Node": "ForegroundCpuset",
      "Duration": 2500,
      "Value": "0-5"
    },
    {
      "PowerHint": "AUDIO_STREAMING_LOW_LATENCY",
      "Node": "PowerHALAudioState",
      "Duration": 0,
      "Value": "AUDIO_STREAMING_LOW_LATENCY"
    },
    {
      "PowerHint": "EXPENSIVE_RENDERING",
      "Node": "PowerHALRenderingState",
      "Duration": 0,
      "Value": "EXPENSIVE_RENDERING"
    },
    {
      "PowerHint": "EXPENSIVE_RENDERING",
      "Node": "GPUMinFreq",
      "Duration": 0,
      "Value": "0"
    },
    {
      "PowerHint": "EXPENSIVE_RENDERING",
      "Node": "GPUMaxFreq",
      "Duration": 0,
      "Value": "0"
          },
    {
      "PowerHint": "DISPLAY_INACTIVE",
      "Node": "FgSchedtunePreferIdle",
      "Duration": 0,
      "Value": "0"
    },
    {
      "PowerHint": "DISPLAY_INACTIVE",
      "Node": "TASchedtunePreferIdle",
      "Duration": 0,
      "Value": "0"
    },
    {
      "PowerHint": "LOW_POWER_CPU_50",
      "Node": "CPUBigClusterMaxFreq",
      "Duration": 3600000,
      "Value": "1401600"
    },
    {
      "PowerHint": "LOW_POWER_CPU_50",
      "Node": "CPUBigClusterMinFreq",
      "Duration": 3600000,
      "Value": "0"
    },
    {
      "PowerHint": "LOW_POWER_CPU_50",
      "Node": "CPUBigPlusClusterMaxFreq",
      "Duration": 3600000,
      "Value": "1804800"
    },
    {
      "PowerHint": "LOW_POWER_CPU_50",
      "Node": "CPUBigPlusClusterMinFreq",
      "Duration": 3600000,
      "Value": "0"
    },
    {
      "PowerHint": "LOW_POWER_CPU_60",
      "Node": "CPUBigClusterMaxFreq",
      "Duration": 3600000,
      "Value": "1401600"
    },
    {
      "PowerHint": "LOW_POWER_CPU_60",
      "Node": "CPUBigClusterMinFreq",
      "Duration": 3600000,
      "Value": "0"
    },
    {
      "PowerHint": "LOW_POWER_CPU_60",
      "Node": "CPUBigPlusClusterMaxFreq",
      "Duration": 3600000,
      "Value": "1804800"
    },
    {
      "PowerHint": "LOW_POWER_CPU_60",
      "Node": "CPUBigPlusClusterMinFreq",
      "Duration": 3600000,
      "Value": "0"
    },
    {
      "PowerHint": "LOW_POWER_CPU_70",
      "Node": "CPUBigClusterMaxFreq",
      "Duration": 3600000,
      "Value": "1708800"
    },
    {
      "PowerHint": "LOW_POWER_CPU_70",
      "Node": "CPUBigPlusClusterMaxFreq",
      "Duration": 3600000,
      "Value": "2016000"
    },
    {
      "PowerHint": "LOW_POWER_CPU_80",
      "Node": "CPUBigClusterMaxFreq",
      "Duration": 3600000,
      "Value": "1920000"
    },
    {
      "PowerHint": "LOW_POWER_CPU_80",
      "Node": "CPUBigPlusClusterMaxFreq",
      "Duration": 3600000,
      "Value": "2227200"
    },
    {
      "PowerHint": "LOW_POWER_CPU_90",
      "Node": "CPUBigClusterMaxFreq",
      "Duration": 3600000,
      "Value": "2016000"
    },
    {
      "PowerHint": "LOW_POWER_CPU_90",
      "Node": "CPUBigPlusClusterMaxFreq",
      "Duration": 3600000,
      "Value": "2534400"
    },
    {
      "PowerHint": "Flipendo",
      "Node": "CPUBigPlusClusterMaxFreq",
      "Duration": 0,
      "Value": "2016000"
    },
    {
      "PowerHint": "Flipendo",
      "Node": "CPUBigClusterMaxFreq",
      "Duration": 0,
      "Value": "2016000"
    }
  ]
}
